,dailySwapVolumeSnapshots_volumeUSD,dailySwapVolumeSnapshots_datetime
0,14193.730879,2022-05-06
1,15976.727429851533,2022-05-06
2,77855.32540828892,2022-05-06
3,713.6600285,2022-05-06
4,104351.62538446816,2022-05-06
5,11452.325779829453,2022-05-06
6,105737.05984070995,2022-05-06
7,287928.470587,2022-05-06
8,55939.91949819188,2022-05-06
9,6574866.007423939,2022-05-06
10,5291.938209459022,2022-05-06
11,241358.5176175422,2022-05-06
12,45652.669738,2022-05-05
13,34783.813930922726,2022-05-05
14,94166.94260031646,2022-05-05
15,549.6095525,2022-05-05
16,231465.88660587944,2022-05-05
17,305771.7438363989,2022-05-05
18,75963.98898375878,2022-05-05
19,258509.9137,2022-05-05
20,2021.2959302226232,2022-05-05
21,0.0,2022-05-05
22,8988735.253797429,2022-05-05
23,9878.975296306653,2022-05-05
24,3437388.6835043835,2022-05-05
25,1206.3395770998932,2022-05-05
26,0.0,2022-05-05
27,10296.1818875,2022-05-04
28,37636.21245475104,2022-05-04
29,57957.59475721354,2022-05-04
30,715.3686854099163,2022-05-04
31,888662.671583893,2022-05-04
32,412191.16994213837,2022-05-04
33,139749.76854466007,2022-05-04
34,223114.140828,2022-05-04
35,48.22742447524771,2022-05-04
36,63.984456112778055,2022-05-04
37,8474641.586097458,2022-05-04
38,10174.054204171613,2022-05-04
39,71805.59169288343,2022-05-04
40,185.8664909119478,2022-05-04
41,10022.412062,2022-05-03
42,18618.638908164827,2022-05-03
43,124967.8518966928,2022-05-03
44,3068.4377985,2022-05-03
45,1645549.9465260042,2022-05-03
46,4964098.492300263,2022-05-03
47,22436.469638921844,2022-05-03
48,27570.68764800738,2022-05-03
49,249082.6060015,2022-05-03
50,1367.0463806611754,2022-05-03
51,93.01851578319783,2022-05-03
52,12964657.9987333,2022-05-03
53,3390.966053871749,2022-05-03
54,103562.7419281139,2022-05-03
55,101.83945400341999,2022-05-03
56,4.035597372811669,2022-05-03
57,496.631295,2022-05-02
58,31799.971951211694,2022-05-02
59,27919.182993711293,2022-05-02
60,71742.49420866717,2022-05-02
61,1076644.9689373595,2022-05-02
62,753399.3662262184,2022-05-02
63,153660.39593673282,2022-05-02
64,370127.473305,2022-05-02
65,12308.36565251606,2022-05-02
66,19028115.405789126,2022-05-02
67,6923.31662554157,2022-05-02
68,86318.85006570068,2022-05-02
69,484.00747177130035,2022-05-02
70,3.4825380868424927,2022-05-02
71,6162.1213045,2022-05-01
72,13360.611293524891,2022-05-01
73,132487.68275988547,2022-05-01
74,586.1463887574372,2022-05-01
75,726335.7272803291,2022-05-01
76,50987.44778297641,2022-05-01
77,77587.08384280844,2022-05-01
78,724120.2730055,2022-05-01
79,29387.444756900353,2022-05-01
80,11783696.21094756,2022-05-01
81,5053.396350692877,2022-05-01
82,7579762.715479913,2022-05-01
83,15.173336546185245,2022-05-01
84,5.445326452215886,2022-05-01
85,22585.95060593882,2022-04-30
86,37622.004032817546,2022-04-30
87,399.73837694895445,2022-04-30
88,531997.6859495338,2022-04-30
89,4037.981201755694,2022-04-30
90,16739.595756923005,2022-04-30
91,390925.19171,2022-04-30
92,465.7330682291786,2022-04-30
93,3856178.6040253364,2022-04-30
94,1.0861833943605776,2022-04-30
95,4758.721294471453,2022-04-30
96,410651.0771202829,2022-04-30
97,35.36607912817272,2022-04-30
98,542.7895385,2022-04-29
99,20673.469552060367,2022-04-29
100,60078.3601727602,2022-04-29
101,3855.8910006237893,2022-04-29
102,528911.2133358608,2022-04-29
103,27371.93399103887,2022-04-29
104,704327.4065270664,2022-04-29
105,188421.0166375,2022-04-29
106,10859342.210705547,2022-04-29
107,426.2732373248645,2022-04-29
108,6208.314536632095,2022-04-29
109,596963.4975389316,2022-04-29
110,2015.5636441160525,2022-04-29
111,892.3022325,2022-04-28
112,30244.760962422042,2022-04-28
113,55629.029583623495,2022-04-28
114,121.9575825,2022-04-28
115,474606.73303558293,2022-04-28
116,486061.10002859094,2022-04-28
117,83496.27878938864,2022-04-28
118,259328.3740755,2022-04-28
119,236.93344566598154,2022-04-28
120,0.0,2022-04-28
121,16850178.349393502,2022-04-28
122,10066.84738367177,2022-04-28
123,771657.6270370241,2022-04-28
124,110.80493513943634,2022-04-28
125,9.7970545,2022-04-27
126,79560.94249066287,2022-04-27
127,26125.25379042105,2022-04-27
128,561267.6148455751,2022-04-27
129,45765.18207506751,2022-04-27
130,74607.78887223414,2022-04-27
131,417308.2302275,2022-04-27
132,7815.077287618855,2022-04-27
133,0.0,2022-04-27
134,72.14607036388027,2022-04-27
135,25616677.6165417,2022-04-27
136,8472.150872969696,2022-04-27
137,45939.27615277977,2022-04-27
138,492.54593786793976,2022-04-27
139,381.6814405,2022-04-26
140,25687.60150386316,2022-04-26
141,131938.8651998619,2022-04-26
142,519.0397035188105,2022-04-26
143,311811.1640854411,2022-04-26
144,137984.7407477208,2022-04-26
145,69250.59447342456,2022-04-26
146,255013.1635735,2022-04-26
147,42788.53365304976,2022-04-26
148,0.0,2022-04-26
149,8861120.335717455,2022-04-26
150,173.08315951610626,2022-04-26
151,11199.830826445077,2022-04-26
152,591653.5926978377,2022-04-26
153,550.682993489953,2022-04-26
154,4804.9623675,2022-04-25
155,19484.01119600692,2022-04-25
156,3098.367248856624,2022-04-25
157,614.7527925,2022-04-25
158,283985.0374784267,2022-04-25
159,108342.78878207954,2022-04-25
160,284836.50446572085,2022-04-25
161,325516.9309835,2022-04-25
162,0.0,2022-04-25
163,10348301.06050523,2022-04-25
164,636.4504865265244,2022-04-25
165,9857.924490460633,2022-04-25
166,804188.3529925727,2022-04-25
167,226.8737070815095,2022-04-25
168,992.7966945,2022-04-24
169,30712.85131785345,2022-04-24
170,8027.043203018466,2022-04-24
171,665.6498278423866,2022-04-24
172,372225.9804491831,2022-04-24
173,8044.785320590021,2022-04-24
174,22926.522946110435,2022-04-24
175,87962.0867665,2022-04-24
176,3892754.266520629,2022-04-24
177,3302.563390998179,2022-04-24
178,166984.02944668685,2022-04-24
179,97.87920471343088,2022-04-24
180,428.0916385,2022-04-23
181,11838.108567886575,2022-04-23
182,85343.64121201354,2022-04-23
183,679.730331405466,2022-04-23
184,238258.8176942573,2022-04-23
185,86466.14989754431,2022-04-23
186,21456.140859606985,2022-04-23
187,660022.0995445,2022-04-23
188,569.3444751861017,2022-04-23
189,3092550.7282249774,2022-04-23
190,2404.0012403747364,2022-04-23
191,462253.6395590894,2022-04-23
192,52.28222956469956,2022-04-23
193,22021.2723225,2022-04-22
194,19684.50521503572,2022-04-22
195,1027.8340438440894,2022-04-22
196,2479.1137755,2022-04-22
197,449248.4451699328,2022-04-22
198,214077.1300122332,2022-04-22
199,183932.64643545856,2022-04-22
200,290825.8781985,2022-04-22
201,8177524.998495443,2022-04-22
202,9032.461776149372,2022-04-22
203,809192.0549763215,2022-04-22
204,150.0575157746513,2022-04-22
205,1.7838222112079063,2022-04-22
206,24208.651138,2022-04-21
207,40374.69484300808,2022-04-21
208,18010.08876574109,2022-04-21
209,4807.208986896213,2022-04-21
210,189159.6701985729,2022-04-21
211,54550.13190213577,2022-04-21
212,356608.7701263217,2022-04-21
213,298321.392815,2022-04-21
214,8607218.570686994,2022-04-21
215,19850.50712411326,2022-04-21
216,788573.8760728614,2022-04-21
217,57.55549565625179,2022-04-21
218,20600.662635085,2022-04-20
219,19259.181218794227,2022-04-20
220,2664.331279855804,2022-04-20
221,61573.96404501281,2022-04-20
222,206208.74140157748,2022-04-20
223,259720.37683147631,2022-04-20
224,144234.173571,2022-04-20
225,795.1008390595678,2022-04-20
226,8007811.407127431,2022-04-20
227,15272.76841740956,2022-04-20
228,496653.0820211603,2022-04-20
229,755.079479085976,2022-04-20
230,26630.036443,2022-04-19
231,42753.13774333527,2022-04-19
232,12684.280376399964,2022-04-19
233,21135.97433216314,2022-04-19
234,534321.7858345198,2022-04-19
235,55782.02648449792,2022-04-19
236,138398.397238,2022-04-19
237,0.5157713708848408,2022-04-19
238,4291223.519564203,2022-04-19
239,10593.157112402152,2022-04-19
240,721017.5498604303,2022-04-19
241,914.8287950601497,2022-04-19
242,1.8746571146965452,2022-04-19
243,46298.2415775,2022-04-18
244,41328.54447253282,2022-04-18
245,30007.096480496668,2022-04-18
246,5167.299540949126,2022-04-18
247,19508.37696666034,2022-04-18
248,1376288.087088854,2022-04-18
249,141329.14871849524,2022-04-18
250,166448.0401155,2022-04-18
251,8668253.58753089,2022-04-18
252,7049.92229918419,2022-04-18
253,12014.290435191908,2022-04-18
254,79181.50908163228,2022-04-18
255,1077.453128416452,2022-04-18
256,18486.723888,2022-04-17
257,27095.202879211978,2022-04-17
258,430.5692939632676,2022-04-17
259,894.970582,2022-04-17
260,28345.170728543915,2022-04-17
261,470529.4339402726,2022-04-17
262,111475.48603671021,2022-04-17
263,96740.885485,2022-04-17
264,0.0,2022-04-17
265,11227204.794099592,2022-04-17
266,6180.396958318933,2022-04-17
267,427287.23459761747,2022-04-17
268,94.70483051396617,2022-04-17
269,10.077984,2022-04-16
270,9657.465573642528,2022-04-16
271,64495.42713513938,2022-04-16
272,759.036283182467,2022-04-16
273,16972.510446582084,2022-04-16
274,171180.928935924,2022-04-16
275,129072.3111849698,2022-04-16
276,194801.5019745,2022-04-16
277,5314860.369259148,2022-04-16
278,3004.128828738486,2022-04-16
279,652771.2198649952,2022-04-16
280,85.83814397988344,2022-04-16
281,27383.270362784988,2022-04-15
282,3085.4681579971507,2022-04-15
283,938.913925695568,2022-04-15
284,5343.6311102775335,2022-04-15
285,319311.7973353653,2022-04-15
286,104985.42428537711,2022-04-15
287,67143.1957865,2022-04-15
288,10081280.880102899,2022-04-15
289,6789.729374760429,2022-04-15
290,48146.201492234264,2022-04-15
291,21369.381390797625,2022-04-14
292,92692.89350731981,2022-04-14
293,25220.63541828961,2022-04-14
294,18144.627241239137,2022-04-14
295,432948.0615681179,2022-04-14
296,100236.12245521328,2022-04-14
297,197805.919551,2022-04-14
298,5269017.6100908825,2022-04-14
299,15965.614238705057,2022-04-14
300,8609.142174937822,2022-04-14
301,399838.90045918716,2022-04-14
302,42686.26733678783,2022-04-13
303,74947.41885437227,2022-04-13
304,70629.30442818216,2022-04-13
305,25006.19131580975,2022-04-13
306,18091.66931949711,2022-04-13
307,120161.39134181135,2022-04-13
308,140992.0792615,2022-04-13
309,738.283449476302,2022-04-13
310,0.0,2022-04-13
311,8706392.352752263,2022-04-13
312,1725.757719544579,2022-04-13
313,10171.142330249788,2022-04-13
314,161362.2740009715,2022-04-13
315,153.33817449566922,2022-04-13
316,57430.81732862356,2022-04-12
317,9840.624852118157,2022-04-12
318,18457.07270924223,2022-04-12
319,121779.86931039674,2022-04-12
320,120714.54429068032,2022-04-12
321,187219.5202995,2022-04-12
322,72.2303245922081,2022-04-12
323,8364890.067935359,2022-04-12
324,9339.785021966962,2022-04-12
325,10716.085516202897,2022-04-12
326,1516253.3181380995,2022-04-12
327,1438.031510171614,2022-04-12
328,65038.64086882411,2022-04-11
329,1119.542519025863,2022-04-11
330,41363.41305728075,2022-04-11
331,23236.03095757833,2022-04-11
332,143654.290737672,2022-04-11
333,486077.022836,2022-04-11
334,10100081.197256243,2022-04-11
335,17626.483882092998,2022-04-11
336,1618167.9022217311,2022-04-11
337,390.02593190037567,2022-04-11
338,0.002,2022-04-11
339,2.148000647164618,2022-04-11
340,18791.938532660814,2022-04-10
341,1862.2544676732348,2022-04-10
342,50013.190400244544,2022-04-10
343,22575.441414444478,2022-04-10
344,29921.342055435165,2022-04-10
345,82179.1238185,2022-04-10
346,13671930.36282701,2022-04-10
347,8073559.978768738,2022-04-10
348,22973.613354605295,2022-04-10
349,4274.762687183804,2022-04-10
350,715689.5015346014,2022-04-10
351,240.78429049288476,2022-04-10
352,5.362071,2022-04-09
353,47008.24662930602,2022-04-09
354,1020.6116884369891,2022-04-09
355,64788.95257248716,2022-04-09
356,449657.15771188965,2022-04-09
357,75565.59576866713,2022-04-09
358,352421.0168195,2022-04-09
359,81.12184679802033,2022-04-09
360,5598917.583284442,2022-04-09
361,3587.9638016107933,2022-04-09
362,150352.99209764044,2022-04-09
363,135.9895275519235,2022-04-09
364,38054.48482659185,2022-04-08
365,3811.383417607906,2022-04-08
366,47404.073185234025,2022-04-08
367,68205.13149768012,2022-04-08
368,60026.3734786127,2022-04-08
369,190408.6820665,2022-04-08
370,277.929421240182,2022-04-08
371,16363142.342352912,2022-04-08
372,8241.54851785247,2022-04-08
373,53879.44902145229,2022-04-08
374,312.3978588749108,2022-04-08
375,23068.212423863715,2022-04-07
376,136.1162595416266,2022-04-07
377,34008.27827655848,2022-04-07
378,0.00017367734677832414,2022-04-07
379,15084.761977958873,2022-04-07
380,106155.18254538097,2022-04-07
381,163309.760117,2022-04-07
382,245.118662967894,2022-04-07
383,8249561.448440674,2022-04-07
384,5.328579705659467,2022-04-07
385,7339.264132146688,2022-04-07
386,1143208.3699273039,2022-04-07
387,124.52074045626999,2022-04-07
388,15120.05399617648,2022-04-06
389,1707.3971134619937,2022-04-06
390,59385.16930142347,2022-04-06
391,228321.53608391838,2022-04-06
392,33335.231577434475,2022-04-06
393,176555.711678,2022-04-06
394,1113.4825369363334,2022-04-06
395,11343159.274571616,2022-04-06
396,13006.464300958243,2022-04-06
397,4821298.922677367,2022-04-06
398,0.0,2022-04-06
399,19348.436406574558,2022-04-05
400,74302.19970638982,2022-04-05
401,47577.1211205727,2022-04-05
402,411557.48938543035,2022-04-05
403,76983.520335,2022-04-05
404,13907863.004893288,2022-04-05
405,3.2264511256952573,2022-04-05
406,4404.530786135098,2022-04-05
407,176336.30499703396,2022-04-05
408,211.10859835330092,2022-04-05
409,27339.663515318043,2022-04-04
410,1192.8373210722064,2022-04-04
411,71840.4316923798,2022-04-04
412,189803.33063362326,2022-04-04
413,110054.78675741072,2022-04-04
414,200957.547874,2022-04-04
415,0.0,2022-04-04
416,163.61099642524175,2022-04-04
417,16649265.882561084,2022-04-04
418,4848.507885246937,2022-04-04
419,394013.8276860555,2022-04-04
420,678.394440829417,2022-04-04
421,25708.940501332556,2022-04-03
422,145779.88915111907,2022-04-03
423,696360.3153061515,2022-04-03
424,56996.86062299384,2022-04-03
425,215634.875406,2022-04-03
426,1200.373879343693,2022-04-03
427,8860156.53232647,2022-04-03
428,4896.052581130591,2022-04-03
429,26387.052810559948,2022-04-03
430,228.81572640389544,2022-04-03
431,8558.853668510394,2022-04-02
432,1792.556462725662,2022-04-02
433,112509.27369707395,2022-04-02
434,4326949.5076434035,2022-04-02
435,132309.32923821337,2022-04-02
436,315531.2032795,2022-04-02
437,0.9522261967419529,2022-04-02
438,9488417.520285752,2022-04-02
439,8531.87070053098,2022-04-02
440,12490.495964343147,2022-04-02
441,421272.8362765146,2022-04-02
442,278.2698678452495,2022-04-02
443,29914.39555049109,2022-04-01
444,747.7761996842588,2022-04-01
445,89556.93051587693,2022-04-01
446,1947705.3919471623,2022-04-01
447,75068.34966357349,2022-04-01
448,176001.2106015,2022-04-01
449,0.0,2022-04-01
450,601.2215496990303,2022-04-01
451,10254597.866869418,2022-04-01
452,165.77904718269846,2022-04-01
453,7412.178155665626,2022-04-01
454,719274.260805224,2022-04-01
455,829.7231089194679,2022-04-01
456,35949.586115014834,2022-03-31
457,216.7110150814927,2022-03-31
458,48764.791461212146,2022-03-31
459,547175.8996329454,2022-03-31
460,559921.9096367969,2022-03-31
461,234098.877655,2022-03-31
462,0.0,2022-03-31
463,9809703.214743955,2022-03-31
464,11933834.99797634,2022-03-31
465,100.95402950019859,2022-03-31
466,7952.519027291278,2022-03-31
467,307247.20753157116,2022-03-31
468,145.73102109087185,2022-03-31
469,2.3502292829729186,2022-03-31
470,53221.92261138804,2022-03-30
471,1448.5786997767123,2022-03-30
472,77534.93798978404,2022-03-30
473,90891.30393378087,2022-03-30
474,257885.1669345972,2022-03-30
475,195290.39119,2022-03-30
476,6864107.1864187,2022-03-30
477,8539.468463600331,2022-03-30
478,5713.506632907076,2022-03-30
479,516188.2433623634,2022-03-30
480,374.72268464128604,2022-03-30
481,7.7126017374186935,2022-03-30
482,96263.4655010535,2022-03-29
483,1791.3848977774685,2022-03-29
484,45540.384089254185,2022-03-29
485,289965.3147458646,2022-03-29
486,491004.31446239515,2022-03-29
487,414368.027749,2022-03-29
488,0.0,2022-03-29
489,205.60139896548506,2022-03-29
490,5599917.250977298,2022-03-29
491,5646.216043220727,2022-03-29
492,753922.29559035,2022-03-29
493,8983.45763046878,2022-03-29
494,8.582983443211175,2022-03-29
495,37300.19185507944,2022-03-28
496,23119.192731839736,2022-03-28
497,64904.50395911906,2022-03-28
498,66397.25583993022,2022-03-28
499,338901.9971277799,2022-03-28
500,315851.7406475,2022-03-28
501,31.340161075468636,2022-03-28
502,5363693.938617616,2022-03-28
503,340.68692278839853,2022-03-28
504,5644.45621177514,2022-03-28
505,283529.4177588068,2022-03-28
506,3784.0867114294547,2022-03-28
507,3.4950116187610516,2022-03-28
508,21297.653603997875,2022-03-27
509,2464.940614819861,2022-03-27
510,27766.35829123198,2022-03-27
511,58806.989930700605,2022-03-27
512,33805.79071639323,2022-03-27
513,157675.72024,2022-03-27
514,52.39856661177578,2022-03-27
515,4417859.347349794,2022-03-27
516,342.0195582185168,2022-03-27
517,4667.483103254056,2022-03-27
518,115620.50473303921,2022-03-27
519,202.57724227685304,2022-03-27
520,33584.217374348715,2022-03-26
521,9980.80737842636,2022-03-26
522,37317.455732252776,2022-03-26
523,167797.66100501717,2022-03-26
524,30444.964958333618,2022-03-26
525,256534.8320735,2022-03-26
526,4076895.034446273,2022-03-26
527,1697.9060388952219,2022-03-26
528,197412.81953105453,2022-03-26
529,40.34567291848947,2022-03-26
530,55121.02793467415,2022-03-25
531,5874.444748639397,2022-03-25
532,7367.233013714914,2022-03-25
533,51383.45972272334,2022-03-25
534,233227.75397175297,2022-03-25
535,650575.964111,2022-03-25
536,238.20728890396373,2022-03-25
537,7800930.548470467,2022-03-25
538,5877.614130673222,2022-03-25
539,540695.3058354196,2022-03-25
540,0.18671750814022675,2022-03-25
541,30515.426436209,2022-03-24
542,22091.889765547952,2022-03-24
543,9461.611703691482,2022-03-24
544,385381.1704718868,2022-03-24
545,244288.85631630212,2022-03-24
546,235614.768901,2022-03-24
547,116.9915896305418,2022-03-24
548,8737529.769056927,2022-03-24
549,3152.0844778763644,2022-03-24
550,6718.897680513444,2022-03-24
551,699112.2858492763,2022-03-24
552,0.3307796966320707,2022-03-24
553,13.517397750691446,2022-03-24
554,40421.66037713391,2022-03-23
555,1119.3476367960332,2022-03-23
556,7772.201191614344,2022-03-23
557,7068.57925500346,2022-03-23
558,124897.91522354486,2022-03-23
559,95350.7568295,2022-03-23
560,0.0,2022-03-23
561,190.83064788314834,2022-03-23
562,20928396.46707405,2022-03-23
563,6170.425607584501,2022-03-23
564,120039.74932921762,2022-03-23
565,0.16841678478401959,2022-03-23
566,67.63677529294726,2022-03-23
567,48413.04062024231,2022-03-22
568,885.530714320471,2022-03-22
569,34737.27970313336,2022-03-22
570,103052.94861382441,2022-03-22
571,87130.71713181402,2022-03-22
572,56585.6723255,2022-03-22
573,10533640.561954612,2022-03-22
574,7.561299021438983,2022-03-22
575,9238.575537061213,2022-03-22
576,8553783.782990167,2022-03-22
577,107.18529459280514,2022-03-22
578,80.61383453461835,2022-03-22
579,44346.930893351244,2022-03-21
580,24969.88189136398,2022-03-21
581,12142.548023385296,2022-03-21
582,13100.45855133643,2022-03-21
583,11446.548772167285,2022-03-21
584,53072.0554425,2022-03-21
585,0.0,2022-03-21
586,697.4222703847079,2022-03-21
587,14495056.498538086,2022-03-21
588,7179.75755047794,2022-03-21
589,145967.1093846982,2022-03-21
590,0.2020752143546961,2022-03-21
591,19.270560587056938,2022-03-21
592,18703.207206424435,2022-03-20
593,9388.638302,2022-03-20
594,21818.389871070234,2022-03-20
595,58769.702740975845,2022-03-20
596,30935.432532134204,2022-03-20
597,78475.9187435,2022-03-20
598,14297301.682323825,2022-03-20
599,0.20689949522477274,2022-03-20
600,1527.6702345007445,2022-03-20
601,5023.013114503064,2022-03-20
602,562794.6979803266,2022-03-20
603,146.992928,2022-03-20
604,63.3813313822605,2022-03-20
605,27224.847412860803,2022-03-19
606,7002.155573532204,2022-03-19
607,24469.36078077414,2022-03-19
608,9441.280081750658,2022-03-19
609,76143.01152502991,2022-03-19
610,61593.913992,2022-03-19
611,3270777.8760751933,2022-03-19
612,4451.898816314765,2022-03-19
613,5824391.555660926,2022-03-19
614,11.489206297113256,2022-03-19
615,32792.55582471896,2022-03-18
616,5012.852951393553,2022-03-18
617,24538.77279000485,2022-03-18
618,72930.12154988814,2022-03-18
619,89930.64391107956,2022-03-18
620,103747.5488685,2022-03-18
621,6717245.895056555,2022-03-18
622,6955.3463160897745,2022-03-18
623,998908.8237397244,2022-03-18
624,105.65699975347032,2022-03-18
625,52928.67660757809,2022-03-17
626,33381.44487998317,2022-03-17
627,139121.8451928568,2022-03-17
628,73974.11543114898,2022-03-17
629,201616.830296,2022-03-17
630,6331273.795073305,2022-03-17
631,11807.951282850527,2022-03-17
632,6549.959800378219,2022-03-17
633,1160750.0919881426,2022-03-17
634,170.79772420718604,2022-03-17
635,118476.73712301732,2022-03-16
636,29.216142686134027,2022-03-16
637,15084.4178862867,2022-03-16
638,50084.93255155613,2022-03-16
639,238164.83820263972,2022-03-16
640,129531.4879375,2022-03-16
641,23714944.214422192,2022-03-16
642,2879.1794605294135,2022-03-16
643,19160.65247992818,2022-03-16
644,1970059.2373280718,2022-03-16
645,12.276093346472111,2022-03-16
646,76161.6461198296,2022-03-15
647,941.6178026131781,2022-03-15
648,60.24320975395748,2022-03-15
649,96571.91719875399,2022-03-15
650,141269.03874728212,2022-03-15
651,29328.8362795,2022-03-15
652,11446006.052154599,2022-03-15
653,7155321.715037013,2022-03-15
654,184693.246506395,2022-03-15
655,2.6278340956499657,2022-03-15
656,70907.30087010682,2022-03-14
657,6.511854868665851,2022-03-14
658,555306.8415426252,2022-03-14
659,75089.82136302572,2022-03-14
660,5128.683056,2022-03-14
661,5.000468123204177,2022-03-14
662,9864891.420409676,2022-03-14
663,1162055.2372216368,2022-03-14
664,0.7904026026107037,2022-03-14
665,10685.834677479492,2022-03-13
666,0.9993085,2022-03-13
667,404.9791200716254,2022-03-13
668,62548.389750960945,2022-03-13
669,117821.6536110654,2022-03-13
670,58329.91595,2022-03-13
671,9283455.647497034,2022-03-13
672,451641.4912677728,2022-03-13
673,0.0,2022-03-13
674,9147.050412313327,2022-03-12
675,597.6133636661083,2022-03-12
676,24998.233209192465,2022-03-12
677,125596.31618423719,2022-03-12
678,8441.607573,2022-03-12
679,11576505.062319364,2022-03-12
680,9.686993154934676e-05,2022-03-12
681,708192.726882171,2022-03-12
682,0.0,2022-03-12
683,24999.994272552274,2022-03-11
684,2783.395887924884,2022-03-11
685,32163.400487029692,2022-03-11
686,135207.38941276263,2022-03-11
687,48825.4588605,2022-03-11
688,9737668.147208177,2022-03-11
689,520203.4131191672,2022-03-11
690,0.7870087163629028,2022-03-11
691,2731.6857806627786,2022-03-10
692,3699.254788493825,2022-03-10
693,126390.35420759852,2022-03-10
694,150489.09368855844,2022-03-10
695,170989.579107,2022-03-10
696,8295060.346710709,2022-03-10
697,997284.8447990734,2022-03-10
698,2.5830338027380058,2022-03-10
699,11603.20249282696,2022-03-09
700,0.11827816814591784,2022-03-09
701,104668.08770068662,2022-03-09
702,146503.96652292443,2022-03-09
703,185914.155394,2022-03-09
704,6417901.837692161,2022-03-09
705,229802.0292262254,2022-03-09
706,13.147246850320652,2022-03-09
707,55302.45245127029,2022-03-08
708,0.7390297979561994,2022-03-08
709,278903.67639880785,2022-03-08
710,39943.25701637538,2022-03-08
711,121175.0560525,2022-03-08
712,18545235.33251981,2022-03-08
713,10640.590157128177,2022-03-08
714,197.87578706637552,2022-03-08
715,178844.84282111147,2022-03-07
716,20000.467389568803,2022-03-07
717,32.68913380640837,2022-03-07
718,62996.23473798418,2022-03-07
719,318053.78460262634,2022-03-07
720,237655.7442,2022-03-07
721,10635555.105394088,2022-03-07
722,269659.10916616785,2022-03-07
723,7438.556122351472,2022-03-06
724,10007997.996072112,2022-03-06
725,160.33503983847763,2022-03-06
726,2613882.78736484,2022-03-06
727,296797.8318508365,2022-03-06
728,136953.748015,2022-03-06
729,6304216.175580867,2022-03-06
730,700434.7062353184,2022-03-06
731,0.48840656488695894,2022-03-06
732,20369.030599239442,2022-03-05
733,17.794658436534547,2022-03-05
734,393955.75373415026,2022-03-05
735,29711.314759237517,2022-03-05
736,110276.061468,2022-03-05
737,2624207.5524383076,2022-03-05
738,1.8263098905521618,2022-03-05
739,732840.3958377793,2022-03-05
740,0.0,2022-03-05
741,31181.692345456908,2022-03-04
742,1056.7775471026619,2022-03-04
743,26712300.854967043,2022-03-04
744,3.0452668228048645,2022-03-04
745,133996.90037842147,2022-03-04
746,177419.26953241872,2022-03-04
747,220348.296376,2022-03-04
748,7025840.594472848,2022-03-04
749,3040.521057616938,2022-03-04
750,30931023212.973602,2022-03-04
751,207480.95828908894,2022-03-04
752,0.6106787571145204,2022-03-04
753,60.40700850139425,2022-03-04
754,33905.4541789747,2022-03-03
755,402.1916041295052,2022-03-03
756,538492.5534527957,2022-03-03
757,74556.54882225126,2022-03-03
758,189596.84773,2022-03-03
759,10891507.307569163,2022-03-03
760,603458.9156917637,2022-03-03
761,26103.72150331579,2022-03-02
762,53584.22859086686,2022-03-02
763,13509.86184763483,2022-03-02
764,71651.72024113972,2022-03-02
765,214937.985733,2022-03-02
766,20232252.56923809,2022-03-02
767,373165.35168426024,2022-03-02
768,1.5591930084707322,2022-03-02
769,7802.770706497593,2022-03-01
770,1982.0399209913678,2022-03-01
771,16026.805720471615,2022-03-01
772,122666.43447559334,2022-03-01
773,102235.284828,2022-03-01
774,9086795.46875723,2022-03-01
775,570090.6959780473,2022-03-01
776,163.71863195807558,2022-03-01
777,9847.851494965365,2022-02-28
778,1847.4948838905675,2022-02-28
779,255807.26186150723,2022-02-28
780,272415.67132026725,2022-02-28
781,156119.0472885,2022-02-28
782,13743644.800749855,2022-02-28
783,779833.4912566092,2022-02-28
784,0.0,2022-02-28
785,2404775393.6554456,2022-02-28
786,9652.556909999816,2022-02-27
787,554.5256458312386,2022-02-27
788,98163.08162194745,2022-02-27
789,292091.1940465769,2022-02-27
790,81249.9028365,2022-02-27
791,14622496.81601425,2022-02-27
792,83734649.80582018,2022-02-27
793,117635.93519500359,2022-02-27
794,1215464218.1445851,2022-02-27
795,10141.4875216663,2022-02-26
796,2167.648550474556,2022-02-26
797,377282.48188516236,2022-02-26
798,75181.44516496072,2022-02-26
799,94603.765367,2022-02-26
800,4971653.453682603,2022-02-26
801,49672199.736842886,2022-02-26
802,2269368.855949803,2022-02-26
803,9151479237.454765,2022-02-26
804,17884.293922019744,2022-02-25
805,1078.6232316922167,2022-02-25
806,152430.66679511897,2022-02-25
807,422674.7577776606,2022-02-25
808,105887.8842955,2022-02-25
809,8169779.313362263,2022-02-25
810,2485295.5098755676,2022-02-25
811,501795.4832478588,2022-02-25
812,218468606.46105734,2022-02-25
813,24363.099550201972,2022-02-25
814,22481.598027417644,2022-02-24
815,1748779.2930366134,2022-02-24
816,296343.66796051495,2022-02-24
817,408156.563546,2022-02-24
818,19529702.033583254,2022-02-24
819,571024.3118318806,2022-02-24
820,263980.3045846442,2022-02-24
821,1705132.332705912,2022-02-24
822,0.0126235,2022-02-24
823,5829.193410501444,2022-02-23
824,1499.7710808050906,2022-02-23
825,231224.77662434542,2022-02-23
826,793439.4928577205,2022-02-23
827,151443.3645395,2022-02-23
828,10299400.97284224,2022-02-23
829,7361.081807345401,2022-02-23
830,22363.51283091952,2022-02-22
831,26218.97995666402,2022-02-22
832,1971832.2089563292,2022-02-22
833,567644.9989395086,2022-02-22
834,174972.6486035,2022-02-22
835,22887579.12616287,2022-02-22
836,12519555.690505384,2022-02-22
837,110791.60494235755,2022-02-22
838,2600.0164217636266,2022-02-21
839,25892.71402772123,2022-02-21
840,288883.6648352223,2022-02-21
841,74610.89475095959,2022-02-21
842,309751.0961355,2022-02-21
843,26130354.711946994,2022-02-21
844,1265212.0045472537,2022-02-21
845,42322.30818336523,2022-02-21
846,4171.557215694131,2022-02-20
847,15.171315864560468,2022-02-20
848,185011.36724571174,2022-02-20
849,85456.11553227184,2022-02-20
850,134890.9791615,2022-02-20
851,7267106.009426473,2022-02-20
852,1912644.3982031522,2022-02-20
853,2078904.663491325,2022-02-20
854,6461.022855476906,2022-02-19
855,99.94325720902509,2022-02-19
856,20882.1992435818,2022-02-19
857,28709.19960163296,2022-02-19
858,276652.8392655,2022-02-19
859,5223850.454929256,2022-02-19
860,2115976.954879538,2022-02-19
861,81919.06634023301,2022-02-19
862,0.009539,2022-02-19
863,14548.029721397532,2022-02-18
864,3056.1666628539356,2022-02-18
865,39988.01648885917,2022-02-18
866,98071.98377860726,2022-02-18
867,816987.716932,2022-02-18
868,9045902.551843027,2022-02-18
869,424394.5748850207,2022-02-18
870,20584.591320477237,2022-02-18
871,2121.7389511850915,2022-02-17
872,31.850906649160773,2022-02-17
873,20966.485652289273,2022-02-17
874,65371.82840518886,2022-02-17
875,288483.7408985,2022-02-17
876,12083127.691411873,2022-02-17
877,377164.61890258134,2022-02-17
878,95882.75254065993,2022-02-17
879,0.23528288205658893,2022-02-17
880,8487.561099987566,2022-02-16
881,5.014416654356819,2022-02-16
882,310018.9827834688,2022-02-16
883,208582.62410440747,2022-02-16
884,253665.555067,2022-02-16
885,7354750.184622204,2022-02-16
886,1175991.3452067622,2022-02-16
887,466650.9561466501,2022-02-16
888,0.1653855,2022-02-16
889,8990.80301042442,2022-02-15
890,0.999855,2022-02-15
891,1035360.4851539531,2022-02-15
892,509092.76594753674,2022-02-15
893,300095.5780925,2022-02-15
894,4708946.848291935,2022-02-15
895,1203871.7830580415,2022-02-15
896,427187.87315803603,2022-02-15
897,13613.7120116057,2022-02-14
898,183057.90512379303,2022-02-14
899,71057.34247499116,2022-02-14
900,4611.69961786442,2022-02-13
901,2.720864382530448,2022-02-13
902,2737269.7650743774,2022-02-13
903,125543.36121443451,2022-02-13
904,267346.1658015,2022-02-13
905,15312973.636136979,2022-02-13
906,4438126.17098663,2022-02-13
907,0.00529268,2022-02-13
908,0.6670336969151918,2022-02-13
909,33794.40096157232,2022-02-13
910,1.670523293555512,2022-02-13
911,5155.184846303691,2022-02-12
912,6737.332151546906,2022-02-12
913,54066.12042322625,2022-02-12
914,209348.571805,2022-02-12
915,9639357.264443897,2022-02-12
916,153908.30512978893,2022-02-12
917,194650.3061642907,2022-02-12
918,0.3935451110947826,2022-02-12
919,11684.96557314616,2022-02-11
920,143716.64457693644,2022-02-11
921,570035.4047314655,2022-02-11
922,225304.435871,2022-02-11
923,21561661.950150006,2022-02-11
924,126419.16304249711,2022-02-11
925,549012.8961908272,2022-02-11
926,10072.205797394186,2022-02-10
927,0.9620765800478601,2022-02-10
928,131065.61418521329,2022-02-10
929,1631728.9989624103,2022-02-10
930,213227.7904455,2022-02-10
931,16818243.598289233,2022-02-10
932,146302.3004347518,2022-02-10
933,0.5286300023502568,2022-02-10
934,661958.6176474288,2022-02-10
935,11022.417906281888,2022-02-09
936,0.08593926987844293,2022-02-09
937,1203420.4673024772,2022-02-09
938,0.49987219908229136,2022-02-09
939,468006.15130369825,2022-02-09
940,83088.6631285,2022-02-09
941,8601461.33702142,2022-02-09
942,994008.510238742,2022-02-09
943,1186539.1424897993,2022-02-09
944,22112.420775534803,2022-02-08
945,0.06257864525297424,2022-02-08
946,1016901.636034526,2022-02-08
947,651709.3097529715,2022-02-08
948,267447.7223875,2022-02-08
949,16663139.596920293,2022-02-08
950,1852376.3478925552,2022-02-08
951,0.8535197805917623,2022-02-08
952,345959.40788251546,2022-02-08
953,857.944790153578,2022-02-08
954,3.799321943469138,2022-02-08
955,34190.30387168091,2022-02-07
956,2.84531387026181,2022-02-07
957,855889.8594245486,2022-02-07
958,676421.500805087,2022-02-07
959,490326.4023765,2022-02-07
960,6947904.8489491595,2022-02-07
961,44743367.90869205,2022-02-07
962,7.936198621722902,2022-02-07
963,270184.94298925414,2022-02-07
964,20.158748765908037,2022-02-07
965,12.699736717833488,2022-02-07
966,5106.935800780632,2022-02-06
967,23827.29070790528,2022-02-06
968,436110.42673312995,2022-02-06
969,84200.232494,2022-02-06
970,3550588.262707166,2022-02-06
971,187986.64447298925,2022-02-06
972,431179.6630924423,2022-02-06
973,0.09750983094732146,2022-02-06
974,5812.795450197002,2022-02-05
975,0.09880520097619451,2022-02-05
976,21.287779806195225,2022-02-05
977,36200.767577491926,2022-02-05
978,151277.5156018508,2022-02-05
979,202705.032175,2022-02-05
980,3961529.837653549,2022-02-05
981,126368.61188496312,2022-02-05
982,4.8064025,2022-02-05
983,1.5421246479157953,2022-02-05
984,667209.329925372,2022-02-05
985,1.8773120550299993,2022-02-05
986,0.4274996302078626,2022-02-05
987,23379.695154381432,2022-02-04
988,0.171728,2022-02-04
989,429164.0888213366,2022-02-04
990,371531.4156568302,2022-02-04
991,213333.993955,2022-02-04
992,7785579.121961976,2022-02-04
993,513348.27253570413,2022-02-04
994,0.09231997333399083,2022-02-04
995,966023.3517660483,2022-02-04
996,1.0489934060742578,2022-02-04
997,967.8467103590482,2022-02-04
998,0.0,2022-02-04
999,31.98378162770191,2022-02-04
1000,14710.578524206829,2022-02-03
1001,0.9709393902332369,2022-02-03
1002,1877088.195703898,2022-02-03
1003,736573.203194416,2022-02-03
1004,219894.273892,2022-02-03
1005,13291042.231501935,2022-02-03
1006,609818.0177830834,2022-02-03
1007,0.326682779193153,2022-02-03
1008,738529.8824611624,2022-02-03
1009,16605.10709977486,2022-02-02
1010,6.415254342224053,2022-02-02
1011,118552.49982035228,2022-02-02
1012,1251835.610764279,2022-02-02
1013,197190.322863,2022-02-02
1014,12130834.316071356,2022-02-02
1015,2348883.4568051314,2022-02-02
1016,0.43663306792494505,2022-02-02
1017,799712.1578295071,2022-02-02
1018,18756.748575500947,2022-02-01
1019,1.7916971801881045,2022-02-01
1020,99802.27542025199,2022-02-01
1021,124064.64747234635,2022-02-01
1022,246377.7386875,2022-02-01
1023,6195034.645276818,2022-02-01
1024,2236143.529567575,2022-02-01
1025,0.499119,2022-02-01
1026,40548.778129186816,2022-01-31
1027,0.9999355,2022-01-31
1028,104027.83563523732,2022-01-31
1029,121282.71036745954,2022-01-31
1030,79825.801444,2022-01-31
1031,9103419.02882037,2022-01-31
1032,54664.393440507665,2022-01-31
1033,24895.101894132895,2022-01-30
1034,59031.82093376903,2022-01-30
1035,99945.73921781508,2022-01-30
1036,468298.4875695,2022-01-30
1037,7149339.347794518,2022-01-30
1038,1.0013228451897365,2022-01-30
1039,31749.397113859446,2022-01-29
1040,2.99793,2022-01-29
1041,86651.98149056295,2022-01-29
1042,134104.88009161095,2022-01-29
1043,576319.103197,2022-01-29
1044,6276470.189998301,2022-01-29
1045,31792.317341522048,2022-01-28
1046,19.563593413774598,2022-01-28
1047,112071.77802118497,2022-01-28
1048,308084.5370046196,2022-01-28
1049,1730130.2992155,2022-01-28
1050,21322391.769944377,2022-01-28
1051,2.4668346,2022-01-28
1052,82743.08494202331,2022-01-27
1053,10577.432858212958,2022-01-27
1054,342403.07792405726,2022-01-27
1055,465902.4432265,2022-01-27
1056,17738675.43612745,2022-01-27
1057,49904.67653274684,2022-01-26
1058,1011325.4047414486,2022-01-26
1059,709562.0750131538,2022-01-26
1060,567236.0077605,2022-01-26
1061,21610487.930643372,2022-01-26
1062,0.002805323263991345,2022-01-26
1063,7059.747231064852,2022-01-26
1064,73520.73472198697,2022-01-25
1065,289184.96952805656,2022-01-25
1066,1480850.9114998064,2022-01-25
1067,212557.5128595,2022-01-25
1068,15908830.320250409,2022-01-25
1069,6310.869755539578,2022-01-25
1070,83628.51910077927,2022-01-24
1071,343667.12013464014,2022-01-24
1072,837012.631493541,2022-01-24
1073,818729.503087,2022-01-24
1074,38587383.466847196,2022-01-24
1075,105228.56036366765,2022-01-23
1076,687112.5717781907,2022-01-23
1077,1055084.982133277,2022-01-23
1078,480880.310443,2022-01-23
1079,17822781.543160733,2022-01-23
1080,97495.83262437097,2022-01-22
1081,1619769.2048147616,2022-01-22
1082,217521.6779949021,2022-01-22
1083,568422.9852591254,2022-01-22
1084,898562.9861145,2022-01-22
1085,58445544.89703554,2022-01-22
1086,52549.482711386154,2022-01-21
1087,1244496.7883940972,2022-01-21
1088,1167976.011553621,2022-01-21
1089,899170.752893,2022-01-21
1090,41964487.12041557,2022-01-21
1091,20407.98262713597,2022-01-21
1092,51470.47619912912,2022-01-20
1093,231650.44815086832,2022-01-20
1094,1649636.4905894871,2022-01-20
1095,334623.6083595,2022-01-20
1096,11709670.655461648,2022-01-20
1097,43095.138336979944,2022-01-19
1098,64491.993113492616,2022-01-19
1099,837601.559433577,2022-01-19
1100,326882.429432,2022-01-19
1101,14327651.120773023,2022-01-19
1102,8.742636809023699,2022-01-19
1103,28551.90744097082,2022-01-18
1104,569834.2139757095,2022-01-18
1105,375360.01976201544,2022-01-18
1106,196407.396027,2022-01-18
1107,9917504.821056323,2022-01-18
1108,20126.17075908236,2022-01-17
1109,1205462.1836323694,2022-01-17
1110,100315.48972344433,2022-01-17
1111,211451.208542,2022-01-17
1112,7981499.918661804,2022-01-17
1113,15962.007530860912,2022-01-16
1114,808025.1786911789,2022-01-16
1115,1050950.9696438059,2022-01-16
1116,332571.910305,2022-01-16
1117,10644990.323974531,2022-01-16
1118,43054.14251302301,2022-01-15
1119,167532.3707789297,2022-01-15
1120,215616.35409298885,2022-01-15
1121,118780.938657,2022-01-15
1122,12689164.570856709,2022-01-15
1123,50790.287183987515,2022-01-14
1124,1251570.6107530633,2022-01-14
1125,288687.9354377795,2022-01-14
1126,199260.592367,2022-01-14
1127,10871338.972333865,2022-01-14
1128,2.2118214037465953,2022-01-13
1129,45135.63481959164,2022-01-13
1130,8747439.6852804,2022-01-13
1131,339739.39650653326,2022-01-13
1132,196255.2127855,2022-01-13
1133,13755988.36383015,2022-01-13
1134,2.212446175820857,2022-01-12
1135,24256.885932166548,2022-01-12
1136,497038.18665275007,2022-01-12
1137,779096.0800722662,2022-01-12
1138,186614.142737,2022-01-12
1139,7741307.635180731,2022-01-12
1140,12445.295225923086,2022-01-11
1141,84177.10768718152,2022-01-11
1142,445130.8250191563,2022-01-11
1143,194984.409812,2022-01-11
1144,12021714.771065192,2022-01-11
1145,56213.52039818167,2022-01-10
1146,204076.3529783519,2022-01-10
1147,1050129.2779964302,2022-01-10
1148,279830.18433,2022-01-10
1149,30721693.324320793,2022-01-10
1150,23353.221481611596,2022-01-09
1151,452803.4678854298,2022-01-09
1152,1278436.538100881,2022-01-09
1153,119717.679915,2022-01-09
1154,14177136.865229119,2022-01-09
1155,30278.921255235255,2022-01-08
1156,262156.8085806555,2022-01-08
1157,264517.18098419206,2022-01-08
1158,262942.511087,2022-01-08
1159,20998664.216130476,2022-01-08
1160,64259.146341254476,2022-01-07
1161,1421557.7293815543,2022-01-07
1162,145384.4830716671,2022-01-07
1163,320086.83514,2022-01-07
1164,32114125.77323202,2022-01-07
1165,23388.621856906757,2022-01-06
1166,274152.7017205671,2022-01-06
1167,307331.15791224287,2022-01-06
1168,394849.314445,2022-01-06
1169,17527432.95052998,2022-01-06
1170,11738.743316294516,2022-01-05
1171,164869.76001853315,2022-01-05
1172,765132.8258196507,2022-01-05
1173,49997.3196655,2022-01-05
1174,20760894.031869277,2022-01-05
1175,0.0009985,2022-01-05
1176,20797.552418591695,2022-01-04
1177,91897.45447862617,2022-01-04
1178,667638.6126414745,2022-01-04
1179,105519.2830915,2022-01-04
1180,9729143.411943784,2022-01-04
1181,21902.74209272247,2022-01-03
1182,1048920.053238972,2022-01-03
1183,1077209.0350918057,2022-01-03
1184,114802.072616,2022-01-03
1185,10806540.256182048,2022-01-03
1186,55450.46657235793,2022-01-02
1187,139916.83682066566,2022-01-02
1188,390218.98043491325,2022-01-02
1189,93568.915144,2022-01-02
1190,12226095.924883183,2022-01-02
1191,62330.70156758217,2022-01-01
1192,114786.27674125979,2022-01-01
1193,400472.653205955,2022-01-01
1194,256588.4263565,2022-01-01
1195,13841251.740231723,2022-01-01
1196,19574.31433190437,2021-12-31
1197,17108.848167592358,2021-12-31
1198,1157195.3374526433,2021-12-31
1199,258692.2407585,2021-12-31
1200,13957375.694871679,2021-12-31
1201,191159.52223560575,2021-12-30
1202,389683.3094207123,2021-12-30
1203,259845.0574485,2021-12-30
1204,19502910.313846964,2021-12-30
1205,375770.7175170153,2021-12-29
1206,1113447.0023879341,2021-12-29
1207,113582.488955,2021-12-29
1208,22387992.290637054,2021-12-29
1209,125930.88480172264,2021-12-28
1210,760219.5410872044,2021-12-28
1211,86105.514147,2021-12-28
1212,13472241.094251573,2021-12-28
1213,227771.2974526258,2021-12-27
1214,1434747.3148405505,2021-12-27
1215,34082.841687,2021-12-27
1216,9731706.967067186,2021-12-27
1217,719468.1461747916,2021-12-26
1218,1778269.84721747,2021-12-26
1219,450870.567091,2021-12-26
1220,10950889.225443542,2021-12-26
1221,28157.70622786002,2021-12-25
1222,650576.3790549996,2021-12-25
1223,72089.5189075,2021-12-25
1224,11236209.637476092,2021-12-25
1225,663461.6776471747,2021-12-24
1226,2025785.6512486837,2021-12-24
1227,146520.6088225,2021-12-24
1228,12226428.23612718,2021-12-24
1229,112724.7445299041,2021-12-23
1230,3483636.9558431813,2021-12-23
1231,248789.29434,2021-12-23
1232,19273602.72576688,2021-12-23
1233,55047.04136500884,2021-12-22
1234,441551.11527564254,2021-12-22
1235,87403.723952,2021-12-22
1236,18192664.80740439,2021-12-22
1237,880772.0320892382,2021-12-21
1238,133487.1096849164,2021-12-21
1239,139645.0635425,2021-12-21
1240,10406029.890933175,2021-12-21
1241,9872.39416421933,2021-12-20
1242,375050.2432918754,2021-12-20
1243,41663.020429,2021-12-20
1244,15276273.931205941,2021-12-20
1245,216184.4560924206,2021-12-19
1246,124842.90640472592,2021-12-19
1247,108064.337061,2021-12-19
1248,21474335.275457185,2021-12-19
1249,313740.1448202203,2021-12-18
1250,513670.15439361153,2021-12-18
1251,183893.258616,2021-12-18
1252,17331026.004194632,2021-12-18
1253,1442840.7583837362,2021-12-17
1254,172217.65158184417,2021-12-17
1255,143619.0896315,2021-12-17
1256,23009193.5275395,2021-12-17
1257,1110658.6336502472,2021-12-16
1258,195057.9185238421,2021-12-16
1259,48131.4515735,2021-12-16
1260,16542872.856816519,2021-12-16
1261,32219.24767985597,2021-12-15
1262,197206.2000561068,2021-12-15
1263,46744.8038295,2021-12-15
1264,29175308.50518569,2021-12-15
1265,306023.3037840463,2021-12-14
1266,280119.37066977314,2021-12-14
1267,83152.0391065,2021-12-14
1268,30044533.542604838,2021-12-14
1269,237377.7002036674,2021-12-13
1270,265475.937769386,2021-12-13
1271,181631.072956,2021-12-13
1272,35031348.397052415,2021-12-13
1273,428587.87927133637,2021-12-12
1274,14949.006902730122,2021-12-12
1275,108707.022379,2021-12-12
1276,15213818.0145611,2021-12-12
1277,52.61293528221368,2021-12-12
1278,1333567.672853038,2021-12-11
1279,17922.565926202158,2021-12-11
1280,172705.7829085,2021-12-11
1281,0.0,2021-12-11
1282,23671389.737539265,2021-12-11
1283,137347.63710497165,2021-12-10
1284,289477.5614158539,2021-12-10
1285,147839.400313,2021-12-10
1286,32322868.765385225,2021-12-10
1287,438492.7578576743,2021-12-09
1288,85521.65772726889,2021-12-09
1289,206677.9544275,2021-12-09
1290,31074493.937473033,2021-12-09
1291,63289.54323459233,2021-12-08
1292,226463.60508729002,2021-12-08
1293,1031.838638,2021-12-08
1294,24902247.810174923,2021-12-08
1295,121018.32520053156,2021-12-07
1296,713205.3258706061,2021-12-07
1297,19055168.776645277,2021-12-07
1298,0.5234223048770565,2021-12-07
1299,430404.9275522721,2021-12-06
1300,13.816625734288762,2021-12-06
1301,389618.15943377325,2021-12-06
1302,31149277.78577966,2021-12-06
1303,329083.3218312531,2021-12-05
1304,152875.4291632054,2021-12-05
1305,13082359.273863677,2021-12-05
1306,430403.1805032698,2021-12-04
1307,358378.685703881,2021-12-03
1308,273112.3027640215,2021-12-02
1309,26817.42336388594,2021-12-01
1310,38005.61056404795,2021-11-30
1311,163554.18170201284,2021-11-29
1312,30359.333348631437,2021-11-28
1313,81275.83836984949,2021-11-27
1314,117768.26162444425,2021-11-26
1315,132363.04439223916,2021-11-25
1316,126003.49238287381,2021-11-24
1317,17524.530784962764,2021-11-23
1318,86629.71996321817,2021-11-22
1319,32485.66114130641,2021-11-21
1320,72257.50146571537,2021-11-20
1321,59956.89852004456,2021-11-19
1322,115782.20846475822,2021-11-18
1323,140627.77130184387,2021-11-17
1324,159461.42177678557,2021-11-16
1325,50872.16969870935,2021-11-15
1326,42942.9718778565,2021-11-14
1327,113102.31810371432,2021-11-13
1328,235372.7950084445,2021-11-12
1329,116177.86551787799,2021-11-11
1330,577603.1391075904,2021-11-10
1331,421760.7680825705,2021-11-09
1332,2819601.7538703345,2021-11-08
1333,736286.3222478692,2021-11-07
1334,2740511.1342426715,2021-11-06
1335,2038078.8381449857,2021-11-05
1336,565918.7582135368,2021-11-04
1337,446513.52009185246,2021-11-03
1338,791508.8147042047,2021-11-02
1339,1647474.006534311,2021-11-01
1340,165460.0710718531,2021-10-31
1341,2289462.1760232514,2021-10-30
1342,40277.62385225481,2021-10-29
1343,134630.27671710533,2021-10-28
1344,87816.80268464792,2021-10-27
1345,1192837.5380535247,2021-10-26
1346,257117.69025375103,2021-10-25
1347,202286.68566037272,2021-10-24
1348,238851.01001660028,2021-10-23
1349,933933.8794444386,2021-10-22
1350,135563.85069575754,2021-10-21
1351,1450496.0169586006,2021-10-20
1352,57514.625808002806,2021-10-19
1353,314338.2365179993,2021-10-18
1354,299878.1255656281,2021-10-17
1355,88762.57657136882,2021-10-16
1356,78926.20325291848,2021-10-15
1357,81050.35761664578,2021-10-14
1358,805442.8977787051,2021-10-13
1359,1517605.9661606299,2021-10-12
1360,237047.70419275513,2021-10-11
1361,184435.4780787507,2021-10-10
1362,227790.08298525162,2021-10-09
1363,473324.1522705587,2021-10-08
1364,482648.2056078946,2021-10-07
1365,1915190.4392540185,2021-10-06
1366,356190.36098467454,2021-10-05
1367,429427.49342358153,2021-10-04
1368,180573.3251578694,2021-10-03
1369,27426.965271463057,2021-10-02
1370,1183679.187282115,2021-10-01
1371,1274491.717828466,2021-09-30
1372,6295701.40267927,2021-09-29
1373,116250.81754187169,2021-09-28
1374,36787.42662024234,2021-09-27
1375,18047.809013878585,2021-09-26
1376,19549.543555999302,2021-09-25
1377,325039.7915776185,2021-09-24
1378,815957.1924159564,2021-09-23
1379,572712.1280087174,2021-09-22
1380,214603.56801536164,2021-09-21
1381,317441.3337993234,2021-09-20
1382,549537.7734669638,2021-09-19
1383,434003.97539245646,2021-09-18
1384,576474.0089066413,2021-09-17
1385,388733.3451813862,2021-09-16
1386,926048.0495549523,2021-09-15
1387,145315.86712677995,2021-09-14
1388,380988.5100390623,2021-09-13
1389,1266544.2238380776,2021-09-12
1390,207274.11000845168,2021-09-11
1391,1373766.2546526894,2021-09-10
1392,968559.8325637899,2021-09-09
1393,528145.3052138794,2021-09-08
1394,453589.2540332259,2021-09-07
1395,1163680.4387979086,2021-09-06
1396,243574.8990925707,2021-09-05
1397,110645.77123151721,2021-09-04
1398,581105.7474671197,2021-09-03
1399,1176592.4089708207,2021-09-02
1400,429367.2847613239,2021-09-01
1401,154507.18625870586,2021-08-31
1402,386642.62611404463,2021-08-30
1403,146801.29599462307,2021-08-29
1404,45725.056247865614,2021-08-28
1405,152248.38629739842,2021-08-27
1406,3896973.848330571,2021-08-26
1407,233203.43173036736,2021-08-25
1408,4048194.2346888245,2021-08-24
1409,148525.06538775517,2021-08-23
1410,1902600.6873013591,2021-08-22
1411,2347665.833647368,2021-08-21
1412,104620.99496921673,2021-08-20
1413,303023.0482840096,2021-08-19
1414,212931.66572202634,2021-08-18
1415,467884.8517515158,2021-08-17
1416,55810.06731922336,2021-08-16
1417,56145.655891686336,2021-08-15
1418,125955.87193819124,2021-08-14
1419,19794.21424821766,2021-08-13
1420,119067.59328865193,2021-08-12
1421,440131.4148196442,2021-08-11
1422,223090.01510506196,2021-08-10
1423,2795.7993501817205,2021-08-09
1424,22583.415565193463,2021-08-08
1425,68039.47098102418,2021-08-07
1426,105816.7518509623,2021-08-06
1427,163463.2056853768,2021-08-05
1428,133578.6384115069,2021-08-04
1429,70779.25104965905,2021-08-03
1430,94254.68787638312,2021-08-02
1431,338927.9207697179,2021-08-01
1432,210632.6112626919,2021-07-31
1433,505268.09115191095,2021-07-30
1434,612658.6342668799,2021-07-29
1435,289783.09999843437,2021-07-28
1436,996406.6231492556,2021-07-27
1437,675709.214691642,2021-07-26
1438,504187.31666792795,2021-07-25
1439,111299.69848336076,2021-07-24
1440,74853.48910562198,2021-07-23
1441,1497704.08880368,2021-07-22
1442,157746.9348732375,2021-07-21
1443,215817.5717872667,2021-07-20
1444,1633324.292384728,2021-07-19
1445,1038415.1533045808,2021-07-18
1446,24608.858073103787,2021-07-17
